TKI,LIGAND_ID,Index,WT_PDB,MUTATION,EXP.DDG,A99.DDG,A99.DDG_ERR,A99L.DDG,A99L.DDG_ERR,A14.DDG,A14.DDG_ERR,A99DC.DDG,A99DC.DDG_ERR,C22.DDG,C22.DDG_ERR,C36.DDG,C36.DDG_ERR,R15.DDG,R16.DDG,ML1.DDG,ML2.DDG,ML1SPL_avg.DDG,ML1SPL_max.DDG,ML1SPLD_avg.DDG,ML1SPLD_max.DDG,ML1_avg.REF15,ML1_max.REF15,ML1SPL_avg.REF15,ML1SPL_max.REF15,ML1SPLD_avg.REF15,ML1SPLD_max.REF15,ML2_avg.DDG,ML2_max.DDG,ML2SPL_avg.DDG,ML2SPL_max.DDG,ML2SPLD_avg.DDG,ML2SPLD_max.DDG,ML2_avg.REF15,ML2_max.REF15,ML2SPL_avg.REF15,ML2SPL_max.REF15,ML2SPLD_avg.REF15,ML2SPLD_max.REF15,ML3_ExtraTree,ML3_SPL,ML3_SPLD
axitinib,AXI,1,4WA9,M244V,-0.11,-0.23,0.33,-0.6,0.21,-0.09,0.24,0.29,0.26,0.01,0.27,0.29,0.28,-0.07,0.01,0.68,0.26,0.19,0.3,0.23,0.34,0.25,0.33,0.33,0.55,0.27,0.72,0.25,0.4,0.08,0.14,0.08,0.13,0.22,0.32,0.1,0.15,0.09,0.17,0.27 ,0.31,0.25
gefitinib,IRE,2,4WA9,L248R,0.31,0.16,0.87,0.55,0.56,-0.35,1.02,-0.65,0.85,-1.48,0.76,0.67,0.89,1.74,1.17,1.18,1.36,1.08,1.45,1.46,2.12,2.43,2.6,0.96,1.89,1.25,1.48,1.43,1.54,0.28,0.47,0.27,0.47,1.39,1.63,0.26,0.44,0.22,0.44,2.64 ,1.24,1.24
gefitinib,IRE,3,4WA9,L248V,0.32,0.16,0.48,-0.41,0.33,-1.12,0.7,0,0.38,-0.12,0.22,-0.25,0.45,1.51,1.31,0.6,0.36,0.33,0.46,0.4,0.5,0.35,0.52,0.52,0.63,0.58,0.74,0.47,0.6,0.21,0.34,0.2,0.29,0.42,0.54,0.21,0.31,0.19,0.32,0.29 ,0.53,0.43
dasatinib,1N1,4,4WA9,G250E,0.27,0.31,0.17,-0.09,0.13,-0.29,0.26,-0.15,0.3,,,,,0.01,0,0.56,0.41,0.26,0.63,0.2,0.45,0.61,0.83,0.59,1.05,0.53,0.82,0.45,0.54,0.31,0.44,0.29,0.38,1.09,1.31,0.25,0.41,0.28,0.38,0.40 ,0.41,0.61
dasatinib,1N1,5,4WA9,Q252H,0.2,-0.5,0.85,-0.55,0.54,1.8,0.9,0.54,0.79,-0.14,0.23,-0.42,0.24,-0.03,-0.09,0.56,0.33,0.03,0.17,0.05,0.23,0.38,0.5,0.64,0.83,0.45,0.63,0.39,0.5,0.18,0.27,0.19,0.28,0.47,0.61,0.16,0.23,0.17,0.27,0.14 ,0.6,0.2
dasatinib,1N1,6,4WA9,Y253F,0.26,0.4,0.27,0.14,0.17,0.17,0.26,0.15,0.3,-0.02,0.15,0.3,0.19,-0.4,-1.85,0.52,0.4,0.33,0.48,0.34,0.45,0.32,0.4,0.45,0.64,0.36,0.58,0.43,0.53,0.21,0.32,0.21,0.31,0.7,0.83,0.25,0.43,0.32,0.43,0.24 ,0.36,0.33
bosutinib,DB8,7,4WA9,Y253H,0.03,0.66,0.46,0.25,0.21,0.28,0.36,0.78,0.5,0.09,0.39,0.25,0.42,1.26,-0.58,1.51,1.38,0.73,0.88,0.89,1.09,1.76,1.92,0.31,0.52,0.35,0.49,1.29,1.44,0.42,0.55,0.39,0.52,0.61,0.8,0.11,0.22,0.15,0.27,1.78 ,0.35,0.32
dasatinib,1N1,8,4WA9,E255K,0.26,0.64,0.51,-0.38,0.3,-0.59,0.61,-0.69,0.55,0.43,0.49,-0.41,0.72,-0.03,0.03,0.8,0.38,0.23,0.47,0.12,0.31,0.72,0.86,0.38,0.46,0.45,0.59,0.53,0.66,0.35,0.45,0.32,0.44,0.5,0.59,0.24,0.31,0.2,0.27,0.29 ,0.38,0.55
erlotinib,AQ4,9,4WA9,E255V,0.3,0.02,0.41,-0.27,0.23,-0.66,0.83,0,0.32,-0.43,0.33,0.08,0.39,-0.08,0.07,0.26,0.9,0.33,0.53,0.17,0.4,0.45,0.63,0.62,0.8,0.43,0.68,0.84,0.95,0.31,0.43,0.3,0.49,1.03,1.16,0.25,0.42,0.31,0.46,0.29 ,0.62,0.26
dasatinib,1N1,10,4WA9,D276G,0.18,-0.56,0.26,0.06,0.2,0.1,0.3,-0.12,0.34,,,,,0,-0.01,0.25,0.32,0.11,0.27,0.23,0.36,0.46,0.66,0.25,0.47,0.37,0.56,0.4,0.54,0.19,0.28,0.17,0.31,0.34,0.43,0.14,0.24,0.19,0.28,0.12 ,0.21,0.26
axitinib,AXI,11,4WA9,E279K,-0.03,-0.32,0.35,0.33,0.25,-0.02,0.25,-0.08,0.24,0.14,0.5,0.63,0.38,-0.02,-0.02,2.15,0.96,0.51,0.83,0.83,1.01,1.84,2.15,0.5,0.98,0.75,0.98,0.5,0.6,0.13,0.28,0.11,0.2,0.5,0.63,0.09,0.18,0.1,0.19,1.66 ,0.68,0.66
bosutinib,DB8,12,4WA9,E292L,0.03,-0.01,0.31,-0.1,0.26,-0.17,0.6,-0.09,0.26,0.42,0.23,0.45,0.28,0.01,0.03,0.38,0.82,0.16,0.33,0.18,0.32,0.53,0.7,0.71,1.19,0.78,0.96,0.58,0.68,0.15,0.24,0.14,0.32,1.09,1.33,0.41,0.5,0.35,0.51,0.31 ,0.84,0.84
axitinib,AXI,13,4WA9,V299L,-0.88,-0.34,0.43,-0.3,0.45,-0.92,0.88,-0.34,0.48,-0.47,0.48,-0.52,0.45,-1.31,-1.09,0.49,0.85,0.41,0.63,0.46,0.57,0.5,0.64,0.45,0.73,0.6,0.71,0.84,0.94,0.06,0.14,0.06,0.14,0.89,1.21,0.1,0.18,0.08,0.12,0.39 ,0.44,0.57
axitinib,AXI,14,4WA9,T315A,-0.45,-0.18,0.3,0.18,0.34,-0.04,0.24,0.08,0.37,0.2,0.21,-0.25,0.31,-0.02,-0.09,0.44,0.21,0.36,0.6,0.37,0.51,0.29,0.38,0.5,0.72,0.5,0.66,0.58,0.71,0.08,0.18,0.08,0.23,0.46,0.6,0.13,0.21,0.1,0.2,0.13 ,0.42,0.37
axitinib,AXI,15,4WA9,T315I,-1.27,-1.33,0.4,-0.93,0.3,-0.44,0.41,-0.58,0.4,0.07,0.33,0.63,0.37,0,-0.78,0.75,0.76,0.21,0.56,0.37,0.48,0.42,0.55,0.27,0.46,0.54,0.68,0.83,0.98,0.05,0.15,0.05,0.15,0.89,1.09,0.06,0.13,0.05,0.13,0.19 ,0.41,0.72
axitinib,AXI,16,4WA9,T315V,-1.73,-0.11,0.41,-0.7,0.33,-0.2,0.24,-0.44,0.38,0.5,0.23,0.2,0.35,-0.57,-0.65,0.87,0.4,0.31,0.46,0.27,0.38,0.38,0.46,0.32,0.46,0.38,0.49,0.32,0.48,0.03,0.11,0.02,0.12,0.14,0.32,0,0.09,0.01,0.09,0.35 ,0.34,0.34
dasatinib,1N1,17,4WA9,F317L,0.23,-0.62,0.34,0.27,0.3,0.43,0.45,-0.25,0.4,0.05,0.32,0.97,0.32,1.64,1.63,0.24,0.59,0.41,0.55,0.31,0.5,0.34,0.46,0.52,0.74,0.68,0.83,0.45,0.54,0.3,0.38,0.27,0.36,0.48,0.6,0.28,0.34,0.27,0.39,0.41 ,0.54,0.45
dasatinib,1N1,18,4WA9,F317R,0.27,-0.94,0.58,1.14,0.29,0.63,0.46,-1.19,0.4,0.96,0.53,0.64,0.61,0.32,0.43,1.1,1.41,0.62,0.81,0.59,0.87,1.57,1.79,0.27,0.55,0.41,0.54,1.09,1.27,0.31,0.41,0.29,0.42,0.46,0.55,0.26,0.37,0.3,0.39,1.62 ,0.75,0.39
dasatinib,1N1,19,4WA9,F317V,0.28,0.61,0.49,0.61,0.42,0.84,0.25,1.31,0.34,0.86,0.29,1.5,0.34,2.07,2.19,0.39,0.93,0.42,0.52,0.3,0.43,0.34,0.51,0.66,0.83,0.41,0.66,0.84,0.93,0.4,0.56,0.33,0.49,0.68,0.77,0.41,0.5,0.33,0.5,0.48 ,0.74,0.42
dasatinib,1N1,20,4WA9,M343T,0.21,-0.8,0.54,2.18,0.7,-0.15,0.56,1.51,0.6,0.26,0.66,1.23,0.59,-0.01,0.01,0.8,0.19,0.34,0.58,0.45,0.65,0.49,0.69,0.51,0.65,0.6,0.72,0.22,0.35,0.08,0.15,0.08,0.14,0.13,0.23,0.06,0.12,0.06,0.1,0.54 ,0.52,0.27
axitinib,AXI,21,4WA9,M351T,-0.24,1.33,0.84,-1.04,0.39,0.12,0.52,0.38,0.75,-0.36,0.72,0.48,0.54,0,-0.03,0.68,0.18,0.26,0.41,0.28,0.51,0.58,0.7,0.41,0.56,0.38,0.48,0.23,0.36,0.09,0.13,0.08,0.14,0.22,0.33,0.09,0.13,0.08,0.12,0.32 ,0.35,0.33
bosutinib,DB8,22,4WA9,F359I,0.1,0.9,0.51,-0.09,0.5,0.18,0.36,-0.44,0.51,0.75,0.48,0.51,0.58,0.06,0.06,0.31,0.29,0.2,0.38,0.14,0.28,-0.07,0.19,0.34,0.48,0.33,0.63,0.21,0.31,0.04,0.1,0.04,0.09,0.19,0.31,0.08,0.14,0.06,0.12,0.10 ,0.18,0.19
bosutinib,DB8,23,4WA9,F359V,0.07,-0.4,0.43,-0.62,0.35,0.87,0.45,-0.3,0.58,0.45,0.56,0.48,0.55,0.01,0.02,0.51,0.29,0.23,0.41,0.13,0.28,-0.06,0.1,0.35,0.55,0.35,0.6,0.2,0.31,0.04,0.11,0.03,0.08,0.19,0.29,0.08,0.13,0.06,0.11,0.10 ,0.21,0.22
bosutinib,DB8,24,4WA9,L384M,0.06,0.25,0.25,-0.27,0.25,-0.26,1.09,-0.17,0.34,0.6,0.25,-0.73,0.33,0.02,-0.02,0.64,0.26,0.21,0.35,0.12,0.39,0.03,0.24,0.18,0.36,0.16,0.27,0.23,0.35,0.06,0.12,0.06,0.14,0.14,0.29,0.05,0.11,0.06,0.11,0.15 ,0.17,0.17
dasatinib,1N1,25,4WA9,H396R,0.25,-0.41,0.4,-0.08,0.2,-0.35,0.48,-0.33,0.4,-0.22,0.21,0.27,0.38,0,-0.02,0.7,0.99,0.49,0.63,0.62,0.73,0.74,0.89,0.55,0.73,0.5,0.65,0.5,0.63,0.13,0.23,0.11,0.23,0.59,0.71,0.13,0.23,0.11,0.21,0.59 ,0.56,0.58
bosutinib,DB8,26,4WA9,F486S,0.05,-2.09,0.87,-0.65,0.89,-0.26,0.72,0.55,1.34,0.65,0.78,2.34,1.1,-0.02,-0.03,0.3,0.34,0.4,0.58,0.51,0.71,0.24,0.32,0.39,0.48,0.39,0.5,0.22,0.34,0.06,0.14,0.06,0.12,0.12,0.22,0.05,0.1,0.05,0.14,0.62 ,0.21,0.33
imatinib,STI,27,3UE4,M244V,0.43,0.26,0.28,-0.16,0.26,-0.03,0.53,0.1,0.31,0.32,0.32,0.4,0.25,0.01,-0.03,0.54,0.12,0.37,0.47,0.33,0.4,0.36,0.45,0.42,0.47,0.43,0.5,0.09,0.14,0.09,0.17,0.08,0.16,0.08,0.14,0.09,0.16,0.1,0.16,0.28 ,0.33,0.31
ponatinib,0LI,28,3UE4,L248R,1.5,1.47,1.08,1.67,0.49,0.2,0.89,3.11,0.61,0.83,0.67,0.61,0.47,1.76,1.68,1.46,0.93,0.7,0.86,0.94,1.25,1.63,1.93,0.59,0.8,0.56,0.72,1.08,1.25,1.08,1.26,1.11,1.33,1,1.13,1.12,1.21,1.13,1.26,1.65 ,0.93,0.89
imatinib,STI,29,3UE4,L248V,0.56,-0.97,0.43,-0.12,0.46,0.58,0.44,0.22,0.51,0.61,0.37,0.29,0.31,1.79,2.31,0.54,0.5,0.43,0.55,0.54,0.69,0.39,0.53,0.38,0.52,0.49,0.62,0.45,0.7,0.41,0.56,0.46,0.64,0.58,0.66,0.54,0.66,0.5,0.57,0.43 ,0.36,0.35
bosutinib,DB8,30,3UE4,G250E,0.11,0.44,0.55,0,0.31,0.36,0.36,-0.63,0.63,,,,,-0.79,-0.43,0.38,0.34,0.43,0.71,0.46,0.63,0.21,0.37,0.5,0.63,0.52,0.7,0.28,0.35,0.29,0.39,0.28,0.35,0.31,0.42,0.3,0.35,0.3,0.39,0.22 ,0.5,0.51
axitinib,AXI,31,3UE4,Y253F,-0.34,0.12,0.16,-0.03,0.18,0.03,0.12,-0.02,0.12,-0.05,0.13,-0.14,0.12,-0.03,0.04,0.54,0.21,0.32,0.49,0.17,0.29,-0.21,-0.1,0.23,0.41,0.29,0.53,0.24,0.3,0.23,0.31,0.24,0.36,0.28,0.37,0.25,0.33,0.24,0.37,0.10 ,0.17,0.26
imatinib,STI,32,3UE4,E255K,0.56,0.43,0.41,-0.17,0.31,1.03,0.55,-0.62,0.59,0.69,0.36,1.28,0.63,-0.06,-0.09,0.53,0.45,0.29,0.37,0.28,0.38,0.38,0.48,0.46,0.57,0.65,0.78,0.52,0.63,0.52,0.58,0.53,0.65,0.42,0.56,0.5,0.66,0.49,0.63,0.32 ,0.5,0.51
nilotinib,NIL,33,3UE4,E255V,0.66,0.2,0.26,-0.1,0.26,0.1,0.4,1.06,0.34,1.36,0.46,0.21,0.45,-0.11,-0.06,0.35,0.48,0.39,0.52,0.38,0.51,0.13,0.28,0.51,0.78,0.39,0.73,1.08,1.27,1.07,1.3,1.04,1.15,1.02,1.14,1.07,1.18,1.06,1.2,0.21 ,0.5,0.4
ponatinib,0LI,34,3UE4,V299L,1.7,-0.24,0.52,0.77,0.46,0.85,0.85,0.12,0.35,0.37,0.57,0.6,0.41,1.57,0.62,0.75,0.31,0.54,0.68,0.52,0.66,0.55,0.67,0.61,0.86,0.75,0.91,0.58,0.67,0.67,0.76,0.66,0.76,0.6,0.66,0.65,0.74,0.68,0.8,0.46 ,0.55,0.67
gefitinib,IRE,35,3UE4,T315A,0.32,-0.71,0.32,-0.42,0.24,-0.46,0.43,-1.01,0.36,0.17,0.27,-1.11,0.38,0.39,0.43,0.48,0.36,0.55,0.71,0.5,0.63,0.41,0.48,0.57,0.81,0.65,0.75,0.75,0.87,0.78,0.96,0.78,0.91,0.79,0.89,0.8,0.94,0.79,0.9,0.56 ,0.5,0.58
ponatinib,0LI,36,3UE4,T315I,2.45,0.47,0.48,0.73,0.4,2.01,0.44,0.03,0.35,0.63,0.41,-0.17,0.42,3.19,1.6,1.03,0.45,0.5,0.69,0.66,0.79,0.3,0.43,0.48,0.67,0.8,0.96,1.17,1.45,1.38,1.66,1.45,1.68,1.43,1.6,1.4,1.69,1.45,1.66,0.49 ,0.57,0.96
imatinib,STI,37,3UE4,F317C,0.5,0.43,0.41,0.65,0.33,0.51,0.41,0.52,0.32,0.65,0.3,0.27,0.24,1.1,-0.96,1.12,0.67,0.56,0.69,0.52,0.65,0.46,0.59,0.65,0.78,0.57,0.69,1.06,1.2,1.06,1.14,1.02,1.17,1.15,1.25,1.07,1.22,1.04,1.18,0.67 ,0.69,0.56
nilotinib,NIL,38,3UE4,F317I,0.71,0.31,0.36,0.41,0.25,0.55,0.34,0.32,0.38,0.73,0.23,0.25,0.27,1.5,-0.95,0.86,0.85,0.54,0.66,0.57,0.68,0.45,0.56,0.6,0.86,0.59,0.73,0.71,0.83,0.71,0.81,0.71,0.86,0.74,0.85,0.78,0.89,0.74,0.85,0.82 ,0.65,0.65
bosutinib,DB8,39,3UE4,F317L,0.09,1.04,0.31,0.21,0.3,0.75,0.4,0.06,0.3,0.2,0.26,-0.31,0.22,0.03,-1.45,0.5,0.53,0.62,0.75,0.59,0.69,0.44,0.58,0.65,0.83,0.59,0.73,0.56,0.64,0.53,0.64,0.55,0.63,0.54,0.6,0.59,0.66,0.56,0.63,0.75 ,0.65,0.75
ponatinib,0LI,40,3UE4,F317V,1.72,0.98,0.42,0.97,0.34,0.74,0.41,1.01,0.34,0.5,0.38,0.05,0.31,1.52,-0.02,1.12,0.78,0.61,0.75,0.61,0.75,0.52,0.65,0.7,0.82,0.65,0.81,0.94,1.07,0.95,1.07,0.92,1.02,1.03,1.15,0.97,1.09,0.94,1.05,0.72 ,0.62,0.61
dasatinib,1N1,41,3UE4,M351T,0.19,0.08,0.67,-0.84,0.44,0.74,0.66,0.66,0.51,0.7,0.44,-0.18,0.66,0,0.01,0.62,0.08,0.32,0.4,0.29,0.4,0.26,0.35,0.33,0.43,0.36,0.56,0.12,0.15,0.12,0.22,0.11,0.19,0.12,0.17,0.12,0.21,0.13,0.17,0.16 ,0.24,0.28
bosutinib,DB8,42,3UE4,E355A,0.02,1.05,0.55,0.12,0.5,-0.33,0.65,-0.19,0.67,0.48,0.47,0.46,1.02,-0.02,0.05,0.35,0.34,0.33,0.44,0.31,0.44,0.24,0.43,0.51,0.63,0.52,0.64,0.33,0.49,0.3,0.41,0.31,0.39,0.26,0.34,0.33,0.46,0.33,0.4,0.17 ,0.4,0.5
axitinib,AXI,43,3UE4,F359C,-0.01,0,0.3,0.37,0.47,0.46,0.41,0.16,0.53,0.1,0.49,0.93,0.34,0.01,0.02,0.38,0.28,0.27,0.52,-0.01,0.13,-0.4,-0.29,0.3,0.53,0.19,0.64,0.14,0.19,0.14,0.24,0.13,0.2,0.15,0.19,0.15,0.24,0.15,0.21,-0.02 ,0.14,0.12
bosutinib,DB8,44,3UE4,F359I,0.04,0.31,0.43,0.19,0.36,0.4,0.48,0.86,0.5,0.31,0.53,0.78,0.5,0.09,0.03,0.39,0.39,0.22,0.39,0.1,0.28,-0.39,-0.22,0.62,0.79,0.33,0.53,0.16,0.22,0.16,0.22,0.15,0.21,0.17,0.23,0.17,0.23,0.17,0.24,0.04 ,0.66,0.18
axitinib,AXI,45,3UE4,F359V,-0.11,-0.08,0.43,0.04,0.68,0.1,0.43,-0.09,0.48,0.44,0.74,0.77,0.55,0.05,0.02,0.4,0.28,0.27,0.47,0.09,0.27,0.56,0.64,0.39,0.5,0.41,0.5,0.14,0.21,0.13,0.18,0.12,0.19,0.14,0.17,0.14,0.21,0.14,0.18,0.02 ,0.14,0.2
axitinib,AXI,46,3UE4,H396R,-0.1,-0.14,0.64,0.3,0.32,-0.18,0.7,0.2,0.45,-0.11,0.33,0.44,0.67,-0.01,0,0.5,0.17,0.41,0.54,0.44,0.54,0.42,0.56,0.47,0.58,0.49,0.62,0.16,0.23,0.18,0.23,0.17,0.24,0.16,0.26,0.17,0.24,0.18,0.27,0.40 ,0.39,0.37
imatinib,STI,47,3UE4,E459K,0.35,-0.01,0.18,-0.14,0.13,0.41,0.38,-0.18,0.19,-0.14,0.19,0.06,0.18,-0.02,0,0.28,0.44,0.23,0.37,0.21,0.36,-0.01,0.25,0.38,0.53,0.35,0.52,0.35,0.42,0.32,0.38,0.34,0.42,0.34,0.42,0.35,0.45,0.32,0.39,0.11 ,0.27,0.22
axitinib,AXI,48,4XEY,M244V,0,-0.34,0.31,-0.48,0.36,-0.03,0.24,-0.16,0.39,0.18,0.3,0.27,0.3,0.03,0.04,0.61,0.11,0.26,0.37,0.24,0.4,-0.23,-0.14,0.42,0.52,0.41,0.52,0.15,0.2,0.16,0.22,0.16,0.22,0.02,0.05,0.04,0.11,0.05,0.1,0.24 ,0.24,0.2
nilotinib,NIL,49,4XEY,L248R,0.65,-0.27,0.83,0.84,0.53,4.23,0.91,1.21,0.8,0.59,0.49,0.1,0.64,1.49,1.59,0.46,1.13,0.86,1.23,1.26,1.53,1.86,2.09,0.92,1.56,1.23,1.5,1.42,1.55,1.41,1.54,1.45,1.6,1.45,1.58,1.38,1.48,1.42,1.54,1.97 ,1.03,1.24
imatinib,STI,50,4XEY,L248V,0.55,0.81,0.32,0.15,0.41,1.04,0.51,-0.28,0.48,0.06,0.26,0.34,0.29,2.58,2.54,0.99,0.34,0.47,0.62,0.57,0.69,0.34,0.45,0.55,0.71,0.54,0.76,0.45,0.54,0.45,0.54,0.46,0.58,0.47,0.61,0.43,0.55,0.45,0.54,0.42 ,0.52,0.59
imatinib,STI,51,4XEY,G250E,0.41,-0.42,0.51,0.09,0.26,0.64,0.45,0.34,0.31,,,,,-0.04,-0.04,0.47,0.49,0.41,0.75,0.14,0.33,0.07,0.29,0.46,0.59,0.61,0.77,0.31,0.35,0.34,0.44,0.34,0.42,0.3,0.35,0.28,0.37,0.3,0.36,0.30 ,0.48,0.22
dasatinib,1N1,52,4XEY,Y253F,0.24,-0.09,0.06,-0.02,0.08,-0.11,0.05,0.03,0.14,-0.01,0.12,0.18,0.17,-0.09,0,-0.03,0.43,0.12,0.24,0.01,0.16,-0.14,0.03,0.4,0.59,0.43,0.62,0.37,0.5,0.4,0.5,0.38,0.52,0.16,0.21,0.22,0.32,0.26,0.36,0.02 ,0.19,0.44
nilotinib,NIL,53,4XEY,E255K,0.9,0.07,0.4,-0.48,0.34,-0.22,0.37,0.28,0.53,0.47,0.91,-0.67,0.36,-0.02,-0.04,0.61,0.46,0.38,0.47,0.41,0.52,0.59,0.73,0.47,0.59,0.57,0.87,0.4,0.46,0.42,0.51,0.42,0.56,0.42,0.49,0.4,0.51,0.41,0.54,0.37 ,0.55,0.48
nilotinib,NIL,54,4XEY,E255V,1.02,0.05,0.31,0,0.28,-0.11,0.83,0.58,0.47,0.34,0.41,0.86,0.32,-0.05,-0.03,0.28,0.73,0.28,0.37,0.31,0.41,0.22,0.31,0.34,0.5,0.35,0.49,0.63,0.72,0.65,0.78,0.64,0.83,0.65,0.79,0.54,0.68,0.59,0.64,0.30 ,0.35,0.35
nilotinib,NIL,55,4XEY,V299L,1.24,-0.01,0.55,0.95,0.57,0.84,1.06,0.52,0.52,0.04,0.4,0.61,0.4,2.48,0.84,1.19,0.91,0.69,0.87,0.79,1,0.84,1,0.65,0.81,0.83,0.97,0.99,1.22,1.03,1.16,1.07,1.24,0.95,1.12,0.97,1.09,0.98,1.15,0.92 ,0.85,0.88
ponatinib,0LI,56,4XEY,T315A,2.02,-1.01,0.36,-1.76,0.43,-0.84,0.34,-0.39,0.43,-1.27,0.47,-0.37,0.36,1.45,1.24,0.26,0.3,0.77,1.03,0.83,0.94,0.58,0.68,0.73,0.91,0.82,1.01,0.74,0.89,0.77,0.88,0.81,0.91,0.52,0.6,0.78,1,0.86,0.94,0.85 ,0.78,0.85
ponatinib,0LI,57,4XEY,T315I,5.08,1.88,0.46,1.62,0.47,3.13,0.67,1.34,0.3,1.34,0.56,-0.61,0.49,5.13,4.47,0.64,2.23,0.71,0.93,1.02,1.14,0.55,0.74,0.71,0.9,1.18,1.4,1.64,1.79,1.88,2.08,1.95,2.05,1.47,1.76,1.79,2.02,1.87,2.01,0.69 ,0.77,1.42
ponatinib,0LI,58,4XEY,F317C,1.86,1.43,0.26,1.54,0.41,1.25,0.34,1.23,0.43,-1.09,0.43,-0.76,0.43,1.85,1.79,0.63,0.34,0.63,0.77,0.61,0.77,0.7,0.84,0.72,0.87,0.62,0.75,0.85,0.9,0.87,0.94,0.88,0.96,0.92,1,0.89,1.01,0.89,0.96,0.88 ,0.75,0.59
ponatinib,0LI,59,4XEY,F317I,1.79,0.27,0.32,1.11,0.25,0.52,0.29,0.95,0.33,0.16,0.23,-0.33,0.41,2.11,1.44,0.45,0.76,0.58,0.67,0.67,0.79,0.63,0.82,0.66,0.83,0.64,0.83,0.91,1,0.93,1.03,0.96,1.06,1.05,1.14,0.97,1.11,0.95,1.1,0.75 ,0.76,0.72
nilotinib,NIL,60,4XEY,F317L,0.96,0.72,0.29,0.55,0.26,0.88,0.27,0.77,0.33,-0.53,0.4,-0.32,0.37,1.13,1.02,0.58,0.24,0.65,0.75,0.67,0.84,0.58,0.72,0.67,0.84,0.64,0.82,0.66,0.72,0.66,0.78,0.68,0.73,0.73,0.8,0.71,0.79,0.7,0.81,0.96 ,0.79,0.75
ponatinib,0LI,61,4XEY,F317V,2.36,1.1,0.36,1.27,0.52,1.11,0.35,1.82,0.38,-0.24,0.26,-0.27,0.27,2.14,1.99,0.3,0.96,0.67,0.8,0.63,0.77,0.58,0.7,0.62,0.73,0.61,0.75,0.94,1,0.95,1.04,0.98,1.05,1.07,1.19,1.01,1.11,0.98,1.09,0.65 ,0.74,0.69
axitinib,AXI,62,4XEY,M351T,0,0.65,0.92,-1.21,0.67,-0.2,0.52,0.33,0.62,-0.6,0.9,-0.3,0.77,0.03,0.01,0.79,0.14,0.43,0.52,0.42,0.53,0.44,0.6,0.52,0.73,0.23,0.33,0.18,0.22,0.17,0.26,0.18,0.24,0.03,0.1,0.05,0.13,0.06,0.15,0.38 ,0.36,0.3
dasatinib,1N1,63,4XEY,E355A,0.24,0.17,0.5,0.13,0.39,-0.21,0.6,0.2,0.56,-0.61,0.56,0.95,0.42,0.03,0.03,0.41,0.07,0.3,0.38,0.28,0.41,-0.31,-0.07,0.29,0.49,0.21,0.53,0.3,0.41,0.29,0.36,0.29,0.43,0.04,0.1,0.06,0.13,0.08,0.17,0.22 ,0.25,0.26
axitinib,AXI,64,4XEY,F359C,0,0.08,0.61,0.45,0.41,-0.04,0.56,0.07,0.53,0.19,0.55,-0.63,0.41,-0.03,0.01,0.47,0.18,0.29,0.53,0.14,0.28,0.2,0.32,0.41,0.56,0.44,0.61,0.06,0.12,0.07,0.11,0.06,0.11,0.17,0.24,0.16,0.22,0.18,0.27,-0.03 ,0.37,0.39
dasatinib,1N1,65,4XEY,F359I,0.24,-0.21,0.32,0.57,0.61,-0.29,0.33,0.07,0.4,1.06,0.57,0.58,0.47,-0.09,-0.04,0.4,0.33,0.28,0.47,0.22,0.37,0.27,0.37,0.09,0.24,0.04,0.2,0.09,0.18,0.09,0.18,0.09,0.16,0.35,0.47,0.34,0.46,0.35,0.49,0.12 ,0.38,0.1
axitinib,AXI,66,4XEY,F359V,0,0.2,0.5,1.19,0.44,-0.09,0.35,-0.54,0.45,0.3,0.58,-0.59,0.5,-0.02,0.02,0.43,0.08,0.31,0.53,0.21,0.34,0.29,0.43,0.34,0.55,0.16,0.54,0.07,0.15,0.08,0.14,0.07,0.16,0.15,0.19,0.11,0.17,0.12,0.16,0.11 ,0.42,0.29
axitinib,AXI,67,4XEY,H396R,0,-0.1,0.62,-0.59,0.68,-0.17,1.16,0.27,1.08,0.24,0.36,0.42,0.49,-0.01,-0.02,0.55,0.22,0.49,0.61,0.49,0.61,-0.28,-0.08,0.34,0.57,0.22,0.62,0.19,0.26,0.21,0.33,0.22,0.29,0.15,0.2,0.14,0.21,0.15,0.22,0.37 ,0.48,0.41
imatinib,STI,68,4XEY,E459K,0.41,0.29,0.25,0.07,0.12,-0.71,0.31,0.34,0.17,0.09,0.26,0.02,0.24,-0.04,0.03,0.43,0.28,0.19,0.33,0.2,0.31,0.27,0.38,0.43,0.56,0.41,0.69,0.32,0.37,0.33,0.4,0.34,0.45,0.3,0.37,0.28,0.34,0.28,0.34,0.13 ,0.57,0.25
axitinib,AXI,69,DOK1,Q252H,-0.13,-0.13,0.47,0.03,0.16,-0.09,0.35,0.22,0.31,0,0.4,0.4,0.37,0.07,-0.07,0.46,0.11,0.3,0.48,0.51,0.67,0.26,0.38,0.43,0.54,0.44,0.52,0.08,0.24,0.03,0.17,0,0.07,0.21,0.34,0.01,0.08,0.02,0.16,0.18 ,0.4,0.39
axitinib,AXI,70,DOK1,Y253F,0,0.08,0.1,-0.08,0.09,0.03,0.1,-0.01,0.16,0.14,0.11,-0.23,0.14,0.03,0.01,0.47,-0.19,0.32,0.52,0.22,0.41,-0.42,-0.25,0.45,0.63,0.43,0.58,-0.06,0,-0.08,-0.05,-0.08,-0.05,-0.08,-0.04,-0.07,-0.02,-0.08,-0.02,0.01 ,0.54,0.2
axitinib,AXI,71,DOK1,E255K,-0.11,-0.86,0.72,0.09,0.27,-0.56,0.52,0.71,0.47,0.42,0.57,-0.03,0.53,-0.07,-0.06,0.43,0.42,0.28,0.37,0.31,0.4,0.48,0.68,0.38,0.49,0.43,0.57,0.31,0.4,0.28,0.38,0.26,0.33,0.33,0.37,0.27,0.39,0.26,0.35,0.36 ,0.32,0.28
axitinib,AXI,72,DOK1,T315I,-0.15,-0.32,0.31,-0.45,0.31,0.56,0.4,-1.28,0.41,-0.62,0.49,-0.35,0.32,0.58,0.69,-0.41,0.46,0.39,0.6,0.6,0.71,0.31,0.48,0.36,0.58,0.59,0.71,0.61,0.88,0.39,0.52,0.32,0.52,0.47,0.66,0.37,0.49,0.3,0.48,0.32 ,0.33,0.55
ponatinib,0LI,73,DOK1,F317I,1.58,0.21,0.28,0.5,0.29,-0.01,0.36,0.46,0.42,0.84,0.25,0.1,0.27,1.42,0.71,0.39,0.91,0.52,0.64,0.56,0.68,0.29,0.42,0.55,0.68,0.46,0.55,0.89,1.04,0.89,1.02,0.9,1.07,0.99,1.15,0.89,0.99,0.9,0.99,0.54 ,0.51,0.56
imatinib,STI,74,DOK1,F317L,0.4,0.53,0.34,0.39,0.32,0.77,0.26,0.73,0.34,0.52,0.27,-0.28,0.27,0.79,0.61,0.34,0.79,0.61,0.81,0.58,0.74,0.32,0.51,0.56,0.75,0.65,0.78,0.72,0.89,0.71,0.82,0.7,0.84,0.76,0.9,0.7,0.79,0.68,0.77,0.65 ,0.67,0.62
axitinib,AXI,75,DOK1,M351T,-0.08,-1.26,0.76,0.21,0.59,-0.63,0.44,-0.46,0.8,0.2,0.8,-0.24,0.59,0.03,0.01,0.12,0.1,0.29,0.4,0.32,0.42,0.3,0.39,0.33,0.41,0.38,0.46,0.02,0.07,0.01,0.06,0,0.03,0.05,0.09,0.01,0.05,-0.01,0.04,0.24 ,0.2,0.25
axitinib,AXI,76,DOK2,Q252H,-0.44,-0.06,0.21,0.18,0.21,-0.5,0.36,0.19,0.16,0.26,0.35,0.39,0.42,-0.14,-0.02,1.18,0.84,0.34,0.48,0.66,0.77,0.41,0.58,0.39,0.6,0.54,0.79,0.6,0.91,0.49,0.59,0.46,0.56,0.52,0.65,0.44,0.53,0.45,0.51,0.32 ,0.45,0.59
axitinib,AXI,77,DOK2,Y253F,-0.17,0.03,0.11,0.12,0.16,-0.06,0.15,0.01,0.12,-0.11,0.21,-0.21,0.15,0,-0.05,0.53,-0.02,0.33,0.51,0.24,0.44,-0.13,-0.06,0.31,0.44,0.29,0.46,0,0.08,0.01,0.05,-0.01,0.03,-0.02,0.1,-0.01,0.04,-0.01,0.04,0.10 ,0.18,0.2
axitinib,AXI,78,DOK2,E255K,-0.11,0.47,0.53,0.8,0.38,0.59,0.49,0.85,0.59,0.39,0.56,-0.19,0.5,0.01,0.02,0.61,0.31,0.27,0.35,0.22,0.31,-0.38,-0.23,0.3,0.44,0.27,0.36,0.3,0.34,0.28,0.33,0.28,0.37,0.3,0.46,0.25,0.31,0.28,0.33,0.21 ,0.38,0.32
ponatinib,0LI,79,DOK2,F317I,1.35,-0.07,0.27,0.29,0.25,-0.13,0.26,0.06,0.29,0.74,0.32,0.19,0.25,1.23,1.03,0.57,0.38,0.48,0.62,0.45,0.68,0.26,0.35,0.42,0.54,0.36,0.48,0.48,0.58,0.5,0.57,0.51,0.6,0.43,0.48,0.48,0.54,0.5,0.55,0.47 ,0.42,0.34
erlotinib,AQ4,80,DOK2,F317L,0.29,0.46,0.31,0.14,0.26,-0.07,0.28,0.42,0.38,0.29,0.26,-0.19,0.33,0.5,0.69,0.26,0.36,0.61,0.72,0.49,0.69,0.34,0.46,0.58,0.67,0.45,0.59,0.42,0.48,0.41,0.5,0.43,0.48,0.38,0.45,0.4,0.51,0.41,0.47,0.68 ,0.63,0.61
bosutinib,DB8,81,DOK2,M351T,0.05,-1.17,0.49,-0.69,0.67,0.33,0.48,1.15,0.7,-0.2,0.85,0.09,0.62,-0.01,0,0.25,0,0.32,0.44,0.35,0.44,0.58,0.69,0.3,0.39,0.32,0.41,0,0.05,-0.01,0.04,-0.02,0.01,0.01,0.04,0,0.03,0,0.03,0.31 ,0.36,0.15
dasatinib,1N1,82,1OPJ,M244V,0.21,-0.42,0.36,0.02,0.3,0.27,0.23,-0.29,0.35,0.01,0.36,-0.01,0.31,0,-0.06,0.61,0.01,0.44,0.55,0.44,0.58,0.58,0.72,0.33,0.43,0.38,0.56,0.24,0.37,0.21,0.31,0.26,0.35,0.29,0.4,0.47,0.58,0.47,0.58,0.51 ,0.25,0.49
ponatinib,0LI,83,1OPJ,L248R,2.33,-0.57,0.85,-0.73,0.58,0.06,1.18,-0.1,1.03,-0.31,0.52,-0.83,0.9,1.61,1.43,1.97,1.26,1.18,1.33,1.44,2.17,2.75,2.85,1.15,2.16,1.31,1.57,1.06,1.22,1.05,1.23,1.08,1.17,1.15,1.4,1.2,1.39,1.24,1.38,2.88 ,1.41,1.3
nilotinib,NIL,84,1OPJ,L248V,0.64,-0.03,0.41,-1.06,0.29,0.72,0.96,-0.27,0.35,-0.41,0.34,-1.36,0.32,0.58,0.63,0.51,0.14,0.35,0.45,0.41,0.59,0.35,0.54,0.41,0.58,0.57,0.79,0.14,0.36,0.17,0.24,0.2,0.3,0.28,0.41,0.37,0.5,0.36,0.52,0.31 ,0.42,0.51
nilotinib,NIL,85,1OPJ,G250E,1.01,-0.17,0.16,-0.2,0.15,-0.3,0.29,-0.32,0.36,,,,,-0.02,-0.01,0.26,0.4,0.42,0.64,0.12,0.27,0.54,0.81,0.4,0.66,0.34,0.49,0.51,0.58,0.54,0.67,0.52,0.61,0.69,0.75,0.74,0.81,0.73,0.9,0.55 ,0.48,0.43
ponatinib,0LI,86,1OPJ,Y253F,1.9,0.78,0.28,0.29,0.15,0.17,0.18,0.19,0.23,-0.15,0.17,-0.02,0.19,-0.14,-0.15,0.54,0.59,0.47,0.6,0.52,0.73,0.37,0.49,0.52,0.69,0.54,0.68,0.32,0.52,0.42,0.52,0.4,0.57,0.63,0.71,0.59,0.76,0.58,0.78,0.40 ,0.52,0.63
ponatinib,0LI,87,1OPJ,E255K,1.5,-0.32,0.64,-0.51,0.59,0.51,0.56,-0.3,0.71,0.08,0.69,0.9,0.59,0.03,-0.02,0.75,0.61,0.36,0.42,0.34,0.44,0.74,0.86,0.77,1.57,0.94,1.13,0.5,0.58,0.54,0.66,0.51,0.65,0.69,0.77,0.74,0.82,0.72,0.88,0.60 ,0.6,0.51
ponatinib,0LI,88,1OPJ,E255V,2.22,0.68,0.42,0.31,0.39,0.79,0.56,0.54,0.52,0.9,0.58,0.06,0.56,0.09,-0.09,0.47,1.18,0.37,0.46,0.35,0.48,0.5,0.68,0.59,0.76,0.55,0.7,1,1.15,1.08,1.26,1.09,1.24,1.3,1.42,1.19,1.28,1.18,1.35,0.49 ,0.6,0.53
dasatinib,1N1,89,1OPJ,V299L,0.23,0.28,0.5,-0.12,0.24,-0.82,1.23,0.22,0.32,1.13,0.47,0.15,0.32,0.67,0.77,1.02,0.27,0.45,0.62,0.47,0.65,0.47,0.61,0.5,0.7,0.39,0.61,0.97,1.22,0.95,1.11,0.92,1.12,1.2,1.44,1.08,1.25,1.03,1.2,0.45 ,0.47,0.72
imatinib,STI,90,1OPJ,T315A,0.51,-1.13,0.3,-0.96,0.34,-1.37,0.52,-1.14,0.36,-2.27,0.4,-2.39,0.34,1.35,1.27,0.14,1.06,0.71,0.98,0.73,0.9,0.43,0.62,0.64,0.83,0.85,1.02,1.64,1.77,1.54,1.71,1.46,1.59,1.39,1.49,1.64,1.77,1.57,1.73,0.75 ,0.36,0.86
ponatinib,0LI,91,1OPJ,T315I,2.32,1.51,0.78,0.91,0.58,1.66,0.35,2.02,0.73,1.88,0.65,3.3,0.43,3.35,3.07,0.08,3.39,0.59,0.74,0.8,0.98,0.36,0.55,0.52,0.71,0.87,1,3.02,3.29,2.93,3.34,2.83,3.06,3.55,3.67,2.89,3.08,2.8,2.96,0.79 ,0.77,1.03
dasatinib,1N1,92,1OPJ,F317C,0.28,0.29,0.31,-0.01,0.41,0.24,0.26,0.97,0.34,0.48,0.37,-0.21,0.25,0.4,0.37,1.27,0.11,0.59,0.74,0.34,0.71,0.42,0.68,0.52,0.65,0.59,0.74,0.46,0.56,0.46,0.6,0.49,0.6,0.43,0.56,0.67,0.83,0.7,0.79,0.96 ,0.38,0.57
bosutinib,DB8,93,1OPJ,F317I,0.17,0.82,0.46,-0.06,0.4,-0.49,0.26,0,0.37,-0.18,0.35,-0.27,0.35,0.33,0.07,0.42,0.33,0.5,0.64,0.41,0.7,0.35,0.52,0.64,0.8,0.33,0.63,0.42,0.5,0.4,0.48,0.4,0.53,0.49,0.6,0.62,0.72,0.63,0.74,0.75 ,0.29,0.57
nilotinib,NIL,94,1OPJ,F317L,0.72,0.83,0.3,0.41,0.24,0.98,0.37,0.82,0.31,0.16,0.29,0.27,0.51,0.28,0.27,0.12,0.26,0.59,0.72,0.4,0.59,0.37,0.5,0.66,0.84,0.38,0.66,0.36,0.41,0.34,0.44,0.34,0.43,0.41,0.47,0.57,0.69,0.6,0.7,0.53 ,0.55,0.51
nilotinib,NIL,95,1OPJ,F317V,0.97,0.49,0.41,-0.15,0.38,0,0.41,0.96,0.53,0.41,0.39,-0.34,0.34,0.43,0.39,0.27,0.25,0.55,0.69,0.32,0.57,0.53,0.78,0.64,0.88,0.39,0.55,0.49,0.61,0.49,0.58,0.51,0.62,0.55,0.64,0.69,0.84,0.71,0.87,0.52 ,0.6,0.51
imatinib,STI,96,1OPJ,M351T,0.42,1.11,0.77,-0.14,0.81,-0.53,0.41,0.53,0.74,-1.3,0.82,-0.55,0.57,-0.03,0.01,0.42,0.1,0.34,0.43,0.29,0.44,0.38,0.52,0.42,0.55,0.36,0.52,0.29,0.44,0.26,0.36,0.31,0.43,0.33,0.46,0.51,0.65,0.5,0.61,0.30 ,0.42,0.34
imatinib,STI,97,1OPJ,E355A,0.47,0.39,0.52,-0.63,0.35,0.18,0.51,0.2,0.61,0.34,0.76,0.08,0.64,-0.02,-0.01,0.7,0.33,0.4,0.5,0.35,0.46,0.51,0.73,0.6,0.76,0.59,0.81,0.54,0.68,0.55,0.63,0.56,0.7,0.49,0.62,0.71,0.87,0.72,0.89,0.44 ,0.57,0.57
nilotinib,NIL,98,1OPJ,F359C,0.77,-0.59,0.5,-0.07,0.27,-0.19,0.49,-0.37,0.42,0.69,0.34,0.64,0.38,0.41,0.37,0.14,0.33,0.42,0.58,0.4,0.55,0.15,0.29,0.51,0.62,0.57,0.86,0.34,0.41,0.35,0.45,0.36,0.42,0.43,0.52,0.56,0.64,0.57,0.68,0.48 ,0.39,0.48
erlotinib,AQ4,99,1OPJ,F359I,0.28,0.12,0.28,0.26,0.28,0.31,0.37,-0.28,0.19,0.62,0.24,0.52,0.36,1.18,1.64,0.14,0.86,0.41,0.61,0.44,0.59,0.21,0.39,0.44,0.72,0.54,0.68,0.61,0.72,0.59,0.71,0.62,0.69,0.73,0.84,0.79,0.9,0.79,0.88,0.44 ,0.49,0.53
gefitinib,IRE,100,1OPJ,F359V,0.32,-0.22,0.33,0.69,0.33,-0.07,0.33,-0.27,0.37,0.75,0.33,0.4,0.38,0.7,0.23,0.19,0.34,0.47,0.57,0.41,0.55,0.23,0.38,0.43,0.64,0.57,0.7,0.4,0.47,0.38,0.5,0.41,0.52,0.47,0.53,0.59,0.7,0.61,0.71,0.40 ,0.43,0.55
imatinib,STI,101,1OPJ,H396R,0.4,0.45,0.66,-0.4,0.33,0.27,0.6,0.49,0.43,-0.36,0.39,0.35,0.23,-0.01,0.03,0.64,0.18,0.46,0.64,0.43,0.51,0.58,0.74,0.65,0.79,0.5,0.65,0.26,0.35,0.26,0.36,0.3,0.44,0.34,0.46,0.49,0.69,0.51,0.67,0.53 ,0.52,0.54
nilotinib,NIL,102,1OPJ,E459K,0.66,-0.08,0.33,-0.06,0.13,-0.25,0.42,0.33,0.2,-0.17,0.22,0.19,0.27,0,-0.02,0.64,0.33,0.28,0.37,0.16,0.31,0.62,0.74,0.5,0.6,0.46,0.67,0.49,0.55,0.52,0.63,0.49,0.59,0.66,0.73,0.72,0.8,0.71,0.87,0.47 ,0.43,0.36
axitinib,AXI,103,3CS9,M244V,-0.13,-0.09,0.26,-0.38,0.24,-0.22,0.56,-0.21,0.27,0.06,0.32,0.1,0.27,0.07,-0.04,0.45,0.35,0.36,0.47,0.37,0.57,0.46,0.61,0.33,0.43,0.41,0.56,0.37,0.47,0.39,0.44,0.37,0.5,0.32,0.37,0.35,0.44,0.34,0.38,0.46 ,0.24,0.4
ponatinib,0LI,104,3CS9,L248R,2.15,2.59,1.4,-0.16,0.55,-0.15,1.18,-1.26,0.98,0.31,0.58,-1.95,0.95,1.38,1.47,1.47,1.24,1.27,1.48,1.55,2.02,2.47,2.67,1.29,2.12,1.46,1.66,1.23,1.36,1.32,1.42,1.34,1.43,1.31,1.41,1.23,1.33,1.24,1.31,2.35 ,1.33,1.49
gefitinib,IRE,105,3CS9,L248V,0.33,-0.48,0.53,0.01,0.62,0.09,0.72,-0.94,0.32,-0.65,0.33,-0.87,0.38,0.92,0.85,0.24,0.41,0.33,0.5,0.43,0.64,0.13,0.33,0.66,0.8,0.36,0.57,0.37,0.42,0.37,0.43,0.38,0.47,0.69,0.81,0.68,0.74,0.63,0.75,0.28 ,0.38,0.54
nilotinib,NIL,106,3CS9,G250E,0.6,-0.13,0.23,-0.23,0.14,0.22,0.27,-0.1,0.21,,,,,0.04,0,0.27,0.53,0.3,0.55,0.18,0.39,0.73,0.96,0.67,0.8,0.58,0.69,0.54,0.7,0.57,0.63,0.54,0.61,1.25,1.4,1.11,1.22,1.13,1.22,0.62 ,0.43,0.69
ponatinib,0LI,107,3CS9,Y253F,1.48,0.94,0.2,0.52,0.23,0.09,0.27,-0.08,0.16,-0.25,0.17,-0.1,0.14,-0.09,-0.23,0.44,1.03,0.42,0.53,0.41,0.52,0.31,0.49,0.43,0.52,0.51,0.66,0.52,0.68,0.55,0.65,0.59,0.71,0.55,0.67,0.53,0.68,0.52,0.65,0.49 ,0.47,0.73
ponatinib,0LI,108,3CS9,E255K,1.27,0.22,0.77,0.77,0.47,-0.53,0.74,0.01,1.34,-0.37,0.58,0.85,0.85,0.04,-0.04,0.42,0.86,0.38,0.47,0.34,0.45,0.9,1.07,0.61,0.75,0.74,0.86,0.68,0.77,0.72,0.8,0.7,0.78,0.7,0.76,0.68,0.77,0.65,0.75,0.68 ,0.7,0.71
ponatinib,0LI,109,3CS9,E255V,2.36,1.83,0.79,2.33,0.5,-0.29,0.4,-0.1,0.79,0.97,0.76,-1.51,0.89,-0.06,0.05,0.2,0.86,0.48,0.58,0.44,0.57,0.64,0.78,0.73,0.85,0.62,0.77,0.85,1,0.88,1,0.87,0.99,0.91,0.98,0.84,0.97,0.88,1.03,0.62 ,0.63,0.64
erlotinib,AQ4,110,3CS9,V299L,0.28,0.26,0.42,0.72,0.36,-3.46,0.86,0.15,0.32,0.63,0.51,0.34,0.54,0.84,1.09,0.54,0.42,0.39,0.59,0.42,0.68,1.02,1.16,0.52,0.71,0.32,0.66,0.9,1.03,0.87,1.01,0.87,0.99,0.77,0.92,0.81,0.94,0.79,0.97,0.48 ,0.53,0.59
nilotinib,NIL,111,3CS9,T315A,0.72,-0.26,0.33,-1.18,0.37,-0.61,0.31,-0.39,0.36,-1.09,0.27,-1.22,0.25,1.58,1.5,0.19,0.86,0.71,0.96,0.76,0.98,0.48,0.66,0.58,0.87,0.75,0.96,1.72,1.91,1.64,1.84,1.62,1.81,1.44,1.56,1.62,1.79,1.56,1.7,0.92 ,0.62,0.85
ponatinib,0LI,112,3CS9,T315I,3.75,2.02,0.62,1.91,0.48,1.23,0.43,1.89,0.75,2.87,0.42,2.83,0.53,4.09,5.81,0.7,3.08,0.64,0.78,0.89,1.03,0.54,0.75,0.64,0.9,1.05,1.18,3.08,3.43,3.07,3.3,3.16,3.43,3.37,3.8,2.96,3.12,2.95,3.13,0.73 ,0.87,1.16
bosutinib,DB8,113,3CS9,F317C,0.04,-0.06,0.42,-0.17,0.49,-0.05,0.27,-0.06,0.45,0.15,0.29,-0.44,0.27,0.57,0.43,0.3,0.51,0.55,0.69,0.25,0.58,0.54,0.72,0.29,0.5,0.24,0.6,0.68,0.77,0.66,0.74,0.66,0.74,0.64,0.76,0.65,0.71,0.62,0.74,0.47 ,0.14,0.46
erlotinib,AQ4,114,3CS9,F317I,0.3,-0.09,0.4,0.33,0.31,0.53,0.28,0.36,0.37,-0.17,0.23,0.51,0.25,0.35,0.13,0.35,0.55,0.47,0.61,0.29,0.58,0.28,0.39,0.32,0.43,0.26,0.41,0.66,0.74,0.64,0.76,0.65,0.73,0.68,0.77,0.66,0.74,0.6,0.72,0.53 ,0.34,0.57
dasatinib,1N1,115,3CS9,F317L,0.2,0.62,0.31,0.67,0.4,0.03,0.3,0.74,0.26,0.06,0.38,0.75,0.39,0.55,0.43,0,0.58,0.53,0.65,0.28,0.55,0.4,0.63,0.19,0.32,0.24,0.43,0.56,0.64,0.55,0.61,0.55,0.62,0.52,0.57,0.53,0.62,0.51,0.58,0.41 ,0.21,0.56
imatinib,STI,116,3CS9,F317V,0.33,-0.35,0.4,-0.26,0.3,-0.21,0.23,-0.2,0.32,-0.36,0.4,-0.2,0.47,0.52,0.45,0.43,0.87,0.63,0.76,0.32,0.54,0.54,0.68,0.33,0.47,0.45,0.63,0.69,0.8,0.67,0.78,0.67,0.78,0.37,0.42,0.35,0.42,0.36,0.42,0.56 ,0.66,0.43
axitinib,AXI,117,3CS9,M351T,0,1.75,0.59,0.29,0.63,-0.78,0.45,-0.22,0.8,0.41,0.65,0.26,0.68,-0.01,0.03,0.35,0.36,0.26,0.37,0.26,0.4,0.45,0.63,0.24,0.33,0.23,0.36,0.3,0.38,0.3,0.36,0.29,0.4,0.28,0.34,0.32,0.4,0.3,0.35,0.43 ,0.17,0.44
bosutinib,DB8,118,3CS9,E355A,0.11,-0.26,0.54,0.04,0.33,-1.27,0.72,0.13,0.52,-0.71,0.38,-0.04,0.45,-0.04,0.04,0.31,0.55,0.35,0.44,0.32,0.45,0.49,0.64,0.46,0.74,0.61,0.78,0.53,0.62,0.54,0.68,0.53,0.62,0.49,0.59,0.52,0.59,0.52,0.59,0.44 ,0.44,0.61
nilotinib,NIL,119,3CS9,F359C,0.68,0.56,0.4,0.87,0.32,0.19,0.42,0.37,0.24,0.31,0.37,0.65,0.47,1.46,2.1,1.61,0.68,0.65,0.84,0.59,0.96,1.39,1.71,0.68,0.82,0.58,0.72,1.19,1.3,1.13,1.25,1.12,1.21,1.23,1.39,1.1,1.18,1.11,1.23,1.38 ,0.71,0.66
nilotinib,NIL,120,3CS9,F359I,0.86,-0.06,0.25,0.23,0.32,0.3,0.4,0.4,0.24,0.45,0.33,0.12,0.44,1.55,2.03,1.76,0.67,0.61,0.73,0.58,0.93,1.3,1.64,0.66,0.79,0.58,0.71,1.2,1.31,1.13,1.26,1.12,1.22,1.25,1.39,1.11,1.21,1.13,1.23,1.37 ,0.69,0.67
nilotinib,NIL,121,3CS9,F359V,0.6,0.94,0.31,0.43,0.21,0.28,0.32,0.69,0.39,0.22,0.22,0.62,0.36,1.8,1.91,1.73,0.67,0.63,0.79,0.58,0.93,1.34,1.65,0.33,0.59,0.47,0.63,1.2,1.29,1.13,1.25,1.13,1.22,0.53,0.58,0.54,0.63,0.51,0.56,1.39 ,0.72,0.5
dasatinib,1N1,122,3CS9,H396R,0.25,-1.04,0.66,-0.17,0.39,-0.01,0.5,-0.03,0.56,0.15,0.54,0.56,0.45,-0.02,-0.01,0.52,0.34,0.41,0.52,0.37,0.45,0.65,0.79,0.62,0.88,0.7,0.82,0.39,0.51,0.42,0.52,0.38,0.46,0.34,0.39,0.38,0.45,0.35,0.45,0.59 ,0.5,0.51
imatinib,STI,123,3CS9,E459K,0.55,0.12,0.15,0.04,0.14,0.3,0.32,-0.12,0.24,-0.09,0.16,-0.09,0.21,-0.02,0.01,0.67,0.55,0.26,0.4,0.23,0.4,0.8,0.93,0.47,0.61,0.58,0.69,0.58,0.72,0.58,0.65,0.58,0.64,0.54,0.58,0.55,0.62,0.53,0.58,0.53 ,0.51,0.52
bosutinib,DB8,124,3OXZ,M244V,0,-0.31,0.24,0.14,0.27,-0.32,0.36,-0.02,0.27,0.07,0.35,0.09,0.3,0.03,-0.02,0.67,0.08,0.24,0.35,0.24,0.35,0.36,0.61,0.48,0.58,0.4,0.69,0.19,0.24,0.17,0.22,0.16,0.22,0.83,0.97,0.7,0.83,0.68,0.79,0.32 ,0.21,0.37
imatinib,STI,125,3OXZ,L248R,0.58,-0.18,1.15,0.51,0.69,0.85,1.14,2.1,0.98,-0.73,0.62,-1.11,0.89,0.4,0.64,1.38,1.48,1.04,1.26,1.33,1.9,2.42,2.57,1.03,1.97,1.22,1.44,1.38,1.59,1.27,1.52,1.26,1.51,1.5,1.73,1.22,1.4,1.24,1.45,2.34 ,1.08,1.21
bosutinib,DB8,126,3OXZ,L248V,0.17,-0.96,0.43,-0.28,0.49,-0.06,0.72,0.08,0.56,-0.37,0.34,-0.67,0.26,0.34,0.29,0.2,0.19,0.31,0.49,0.43,0.54,0.33,0.41,0.52,0.66,0.27,0.39,0.36,0.5,0.33,0.38,0.32,0.41,0.47,0.59,0.45,0.52,0.45,0.56,0.34 ,0.36,0.39
erlotinib,AQ4,127,3OXZ,G250E,0.3,0.23,0.21,-0.19,0.21,-0.05,0.35,-0.05,0.2,,,,,0.03,0,0.42,0.33,0.21,0.45,0.08,0.27,0.54,0.81,0.27,0.57,0.47,0.6,0.33,0.38,0.31,0.44,0.32,0.41,0.4,0.45,0.36,0.42,0.35,0.42,0.38 ,0.38,0.26
erlotinib,AQ4,128,3OXZ,Y253F,0.3,0.72,0.27,0.63,0.29,0.18,0.22,0.95,0.27,-0.34,0.14,0.13,0.16,0.05,0.03,0.4,1.01,0.42,0.52,0.35,0.51,0.33,0.44,0.41,0.55,0.47,0.58,0.68,0.9,0.58,0.89,0.54,0.72,0.35,0.39,0.31,0.36,0.3,0.36,0.41 ,0.39,0.43
imatinib,STI,129,3OXZ,E255K,0.41,0.09,0.92,0.91,0.74,-0.43,1.24,3.42,1.1,3.48,1.56,0.23,1.43,0,-0.02,0.43,0.66,0.25,0.39,0.2,0.28,0.47,0.77,0.37,0.79,0.72,0.85,0.43,0.54,0.37,0.49,0.39,0.57,0.49,0.65,0.39,0.54,0.4,0.53,0.42 ,0.28,0.48
nilotinib,NIL,130,3OXZ,E255V,1,0.24,0.64,0.81,0.39,1.2,0.45,1.5,0.71,1.54,0.99,-0.31,0.8,0.07,0.01,0.46,1.14,0.32,0.45,0.27,0.37,0.48,0.62,0.5,0.64,0.57,0.7,1.03,1.24,0.94,1.18,0.98,1.27,1.13,1.28,0.89,1.09,0.91,1.13,0.50 ,0.51,0.61
bosutinib,DB8,131,3OXZ,V299L,0.17,0.11,0.59,0.22,0.59,-0.5,0.74,-0.65,0.47,0.26,0.58,-0.14,0.57,1.24,1.51,0.5,0.07,0.28,0.43,0.2,0.37,0.39,0.56,0.42,0.6,0.45,0.67,0.64,0.96,0.5,0.69,0.54,0.76,0.33,0.43,0.32,0.41,0.33,0.47,0.31 ,0.36,0.51
bosutinib,DB8,132,3OXZ,T315A,0.17,-2.16,0.49,-2.36,0.54,-1.77,0.28,-1.03,0.47,-2.23,0.43,-1.3,0.4,1.7,1.7,0.07,0.14,0.39,0.49,0.32,0.42,0.33,0.45,0.49,0.63,0.49,0.61,0.56,0.69,0.51,0.6,0.5,0.59,0.15,0.23,0.16,0.29,0.15,0.21,0.38 ,0.38,0.41
imatinib,STI,133,3OXZ,T315I,0.41,0.84,0.74,0.73,0.48,1.06,0.81,1.34,0.51,1.81,0.41,2.34,0.55,2.81,3.46,0.85,0.47,0.26,0.56,0.45,0.65,0.29,0.45,0.28,0.42,0.33,0.46,1.67,1.94,1.45,1.76,1.35,1.6,0.42,0.48,0.38,0.45,0.38,0.55,0.34 ,0.4,0.43
bosutinib,DB8,134,3OXZ,F317C,0,0.5,0.21,0.38,0.26,0.58,0.34,0.44,0.44,-0.21,0.26,-0.04,0.21,0.55,0.64,0.27,0.31,0.42,0.52,0.03,0.31,0.5,0.62,0.3,0.48,0.3,0.43,0.75,0.88,0.71,0.79,0.71,0.81,0.14,0.22,0.17,0.29,0.16,0.22,0.33 ,0.22,0.37
imatinib,STI,135,3OXZ,F317I,0.51,0.59,0.39,-0.37,0.35,0.32,0.33,0.2,0.28,0.24,0.27,-0.09,0.29,0.46,0.3,0.45,0.45,0.36,0.43,0.04,0.29,0.38,0.54,0.37,0.55,0.51,0.67,0.58,0.67,0.52,0.62,0.56,0.64,0.29,0.37,0.32,0.44,0.32,0.44,0.48 ,0.55,0.44
bosutinib,DB8,136,3OXZ,F317L,0.17,-0.15,0.33,0.03,0.32,0.53,0.57,0.03,0.4,0.2,0.36,-0.41,0.44,0.34,0.41,0.35,0.35,0.42,0.53,0.02,0.18,0.61,0.78,0.31,0.46,0.5,0.63,0.49,0.57,0.43,0.53,0.48,0.6,0.36,0.4,0.34,0.4,0.33,0.42,0.39 ,0.45,0.39
nilotinib,NIL,137,3OXZ,F317V,0.72,-0.4,0.35,0.08,0.34,0.52,0.32,-0.16,0.41,0.18,0.3,-0.65,0.29,0.62,0.77,0.44,0.37,0.49,0.61,0.07,0.35,0.5,0.73,0.54,0.75,0.24,0.35,0.8,0.98,0.76,0.83,0.78,0.84,0.89,1.05,0.74,0.83,0.73,0.89,0.36 ,0.73,0.37
bosutinib,DB8,138,3OXZ,M351T,0.17,-0.61,0.94,0.42,0.63,-1.22,0.42,-2.15,0.72,-0.64,0.72,0.16,0.76,-0.02,0.05,0.61,0.14,0.2,0.35,0.18,0.38,0.19,0.38,0.37,0.48,0.31,0.48,0.29,0.41,0.27,0.4,0.27,0.4,0.21,0.28,0.25,0.37,0.27,0.36,0.16 ,0.45,0.36
imatinib,STI,139,3OXZ,E355A,0.51,-0.64,0.8,0.66,0.38,1.14,0.69,0.1,0.53,1.49,0.78,0.4,0.5,0.04,-0.02,0.33,0.17,0.22,0.33,0.17,0.3,0.52,0.67,0.47,0.58,0.21,0.33,0.35,0.44,0.33,0.42,0.33,0.44,0.57,0.69,0.54,0.67,0.53,0.65,0.27 ,0.77,0.42
imatinib,STI,140,3OXZ,F359C,0.41,0.15,0.43,-0.12,0.32,-0.34,0.39,-0.19,0.36,0.19,0.28,-0.5,0.43,0.56,0.46,0.71,0.39,0.38,0.54,0.32,0.45,0.7,0.83,0.36,0.51,0.28,0.46,0.41,0.55,0.38,0.46,0.38,0.47,1.44,1.7,1.4,1.69,1.33,1.52,0.45 ,0.42,0.82
nilotinib,NIL,141,3OXZ,F359I,0.77,0.25,0.16,-0.07,0.2,0.28,0.33,0.36,0.28,-0.13,0.3,0.31,0.26,0.73,0.63,0.56,0.47,0.33,0.44,0.35,0.5,0.41,0.57,0.43,0.62,0.47,0.69,0.4,0.54,0.38,0.5,0.39,0.54,0.34,0.42,0.36,0.44,0.36,0.48,0.33 ,0.46,0.46
dasatinib,1N1,142,3OXZ,F359V,0.17,-0.18,0.18,-0.4,0.21,-0.03,0.41,0.24,0.27,0.06,0.28,0.24,0.29,0.33,0.29,0.66,0.25,0.37,0.47,0.35,0.49,0.33,0.55,0.36,0.49,0.44,0.54,0.36,0.52,0.34,0.46,0.34,0.43,0.56,0.64,0.52,0.59,0.51,0.65,0.46 ,0.49,0.43
dasatinib,1N1,143,3OXZ,H396R,0.17,1.03,0.45,-0.52,0.35,-0.85,0.55,-0.31,0.55,-0.17,0.31,-0.12,0.49,0.03,0.01,0.51,0.12,0.36,0.5,0.33,0.43,0.63,0.88,0.38,0.59,0.46,0.56,0.18,0.27,0.16,0.22,0.16,0.27,0.63,0.83,0.45,0.62,0.5,0.79,0.43 ,0.67,0.45
gefitinib,IRE,144,3OXZ,E459K,0.3,0.09,0.27,0.11,0.14,-0.18,0.42,0.16,0.2,0,0.32,0.23,0.25,0,-0.01,0.39,0.32,0.12,0.23,-0.06,0.06,0.46,0.71,0.53,0.72,0.26,0.53,0.4,0.47,0.36,0.43,0.37,0.47,0.67,0.96,0.5,0.65,0.54,0.83,0.17 ,0.46,0.6